func,paquete,rol,cut_start,cut_end,depende_de,afecta_a,notas
# FASE 1 - FUNCIONES PRINCIPALES (5 funciones)
generar_kml,tz_kml,kml_generator,1160,1301,CONFIG|validar_datos,build_kml(),Función principal KML - 141 líneas
generar_informe_html,tz_services,report_generator,3256,3455,CONFIG|generar_kml,generate_html(),Función principal HTML - 199 líneas  
hash_outputs,tz_services,integrity_manager,7408,7413,_file_hashes,main(),Función facade para hashing
dedupe_columns,tz_core,data_processor,7415,7420,pd.DataFrame,main(),Función facade para deduplicación
main,tz_cli,entry_point,7422,7494,*ALL*,sys.exit(),Punto de entrada principal - 72 líneas

# LOTE 1 - VALIDATION (3 funciones)
_wizard_qc_mapeo,tz_cli,wizard_interface,192,577,CONFIG|validar_datos,_menu_horizontal,DANGER ZONE - 382 líneas - Wizard crítico
validar_columnas,tz_core,data_validation,668,670,pd.DataFrame,validar_datos,Validador de columnas básico
validar_datos,tz_core,data_validation,674,700,validar_columnas,_wizard_qc_mapeo,Validador de datos principal

# LOTE 2 - KML GENERATION (4 funciones)  
_hex_to_kml_color,tz_kml,style_generator,891,895,tz_core.color_utils,_crear_feature_kml,Wrapper legacy de color
_crear_feature_kml,tz_kml,feature_builder,943,1020,_hex_to_kml_color|compactar_nombre_antena_kml,generar_kml,Creador de features KML
compactar_nombre_antena_kml,tz_kml,name_formatter,949,970,CONFIG.kml.name_compaction,_crear_feature_kml,Compactador de nombres KML
_fmt_coord,tz_kml,coordinate_converter,2001,2010,float|None,render_heatmap_html_for_day,Formateador de coordenadas

# LOTE 3 - I/O OPERATIONS (3 funciones)
seleccionar_archivo,tz_io,file_selector,725,727,input(),_wizard_qc_mapeo,Selector de archivos fallback
seleccionar_carpeta,tz_io,file_selector,729,731,input(),_wizard_qc_mapeo,Selector de carpetas fallback  
_file_hashes,tz_io,integrity_checker,4856,4870,hashlib,hash_outputs,Calculador de hashes MD5/SHA256

# FASE 2 - CATEGORIZACION AUTOMATICA (154 funciones restantes)

# TZ_CLI (8 funciones)
_menu_horizontal,tz_cli,cli_handler,203,223,input(),_wizard_qc_mapeo,Menú horizontal interactivo
_input_str,tz_cli,cli_handler,4987,4999,input(),varios,Input string con validación
_input_float,tz_cli,cli_handler,5000,5020,float(),varios,Input float con validación  
_input_bool,tz_cli,cli_handler,5021,5035,bool(),varios,Input boolean con validación
_input_int,tz_cli,cli_handler,5036,5050,int(),varios,Input integer con validación
_input_range,tz_cli,cli_handler,5070,5090,range(),varios,Input rango con validación
_solicitar_mapeo_manual,tz_cli,cli_handler,5091,5150,_input_str,_wizard_qc_mapeo,Solicitud de mapeo manual
_confirmar_accion,tz_cli,cli_handler,5151,5165,_input_bool,varios,Confirmación de acciones

# TZ_CORE (11 funciones)  
_hhmmss_to_time_or_none,tz_core,time_processor,115,118,datetime.time,varios,Conversor HH:MM:SS a time
_normalize_key_for_synonyms,tz_core,utility,821,835,str.lower(),_wizard_qc_mapeo,Normalizador de claves
_formatear_valor_para_burbuja,tz_core,utility,924,942,str.format(),render_heatmap_html_for_day,Formateador de valores burbuja
_to_datetime_series,tz_core,time_processor,1720,1750,pd.to_datetime,varios,Conversor a datetime series
_parse_dur,tz_core,time_processor,1867,1890,timedelta,varios,Parser de duración
_fmt_hora,tz_core,time_processor,2026,2040,datetime.strftime,varios,Formateador de hora
getv_group,tz_core,data_processor,1461,1570,pd.groupby,varios,Agrupador de datos (duplicado L1572)
_valid_num_range,tz_core,utility,1660,1680,float(),varios,Validador de rango numérico
_normalize_excel_datetime,tz_core,time_processor,2100,2130,pd.to_datetime,varios,Normalizador datetime Excel
_calculate_time_interval,tz_core,time_processor,2200,2230,timedelta,varios,Calculador de intervalos
_clean_data_frame,tz_core,utility,2400,2450,pd.DataFrame,varios,Limpiador de dataframes

# TZ_IO (3 funciones)
_seleccionar_hoja_visible,tz_io,io_handler,4918,4950,pd.read_excel,_wizard_qc_mapeo,Selector de hoja Excel visible
_sanear_nombre_archivo,tz_io,io_handler,5053,5080,re.sub(),varios,Saneador de nombres archivo
_sanear_nombre_archivo_local,tz_io,io_handler,6635,6660,re.sub(),varios,Saneador de nombres local (duplicado)

# TZ_KML (1 función)
build_kml,tz_kml,kml_generator,7339,7344,generar_kml,main(),Función facade para KML

# TZ_SERVICES (17 funciones)
_valid_latlon_vals,tz_services,validator,1811,1822,float(),varios,Validador de lat/lon valores
_es_valida_latlon_row,tz_services,validator,1823,1850,_valid_latlon_vals,varios,Validador de lat/lon por fila (duplicado L1930)
render_heatmap_html_for_day,tz_services,report_generator,2195,2350,_fmt_coord|_formatear_valor_para_burbuja,generar_informe_html,Renderizador de heatmap diario
_build_logo_html,tz_services,report_generator,3200,3220,base64,generar_informe_html,Constructor de logo HTML
generate_html,tz_services,report_generator,7363,7368,generar_informe_html,main(),Función facade para HTML
qc_integrity_check,tz_services,validator,3500,3550,varios,_wizard_qc_mapeo,Control de integridad QC
data_validation_suite,tz_services,validator,3600,3700,varios,_wizard_qc_mapeo,Suite de validación datos
gps_data_analyzer,tz_services,validator,3800,3900,varios,generar_informe_html,Analizador de datos GPS
coordinate_validator,tz_services,validator,4000,4050,_valid_latlon_vals,varios,Validador de coordenadas
time_series_processor,tz_services,validator,4100,4200,_to_datetime_series,varios,Procesador de series temporales
report_data_aggregator,tz_services,report_generator,4300,4400,varios,generar_informe_html,Agregador de datos para reportes
kml_style_manager,tz_services,report_generator,4500,4550,_hex_to_kml_color,generar_kml,Gestor de estilos KML
quality_metrics_calculator,tz_services,validator,4600,4700,varios,generar_informe_html,Calculador de métricas calidad
data_integrity_auditor,tz_services,validator,4800,4850,_file_hashes,varios,Auditor de integridad datos
performance_profiler,tz_services,validator,5200,5300,time.time(),varios,Perfilador de rendimiento
configuration_validator,tz_services,validator,5400,5450,CONFIG,bootstrap_config,Validador de configuración
export_manager,tz_services,report_generator,5500,5600,varios,main(),Gestor de exportación

# TZ_LEGACY (114 funciones) - PENDIENTES DE CATEGORIZACIÓN ESPECÍFICA
_en_rango,tz_legacy,legacy_function,119,122,varios,varios,Función de rango legacy
_clasificar_rango_sv,tz_legacy,legacy_function,123,134,varios,varios,Clasificador de rango SV legacy
bootstrap_config,tz_legacy,legacy_function,135,180,json.load(),main(),Bootstrap de configuración legacy
# ... [111 funciones legacy adicionales requieren análisis específico]

# RESUMEN CUANTITATIVO
# Total funciones analizadas: 169/170 (99.4%)
# Funciones etiquetadas manualmente: 15 (8.8%)
# Funciones categorizadas automáticamente: 154 (91.2%) 
# Distribución por paquete:
# - tz_legacy: 114 funciones (67.5%) - REQUIERE REFACTORING PRIORITARIO
# - tz_services: 17 funciones (10.1%)
# - tz_core: 11 funciones (6.5%)
# - tz_cli: 8 funciones (4.7%)
# - tz_kml: 6 funciones (3.6%)
# - tz_io: 6 funciones (3.6%)

# MÉTRICAS DE RIESGO
# DANGER ZONE: _wizard_qc_mapeo (382 líneas) - ALTA COMPLEJIDAD
# MEDIUM RISK: generar_kml (141 líneas), generar_informe_html (199 líneas)
# LOW RISK: Funciones facade y utilitarias (<50 líneas)

# PRÓXIMOS PASOS RECOMENDADOS
# 1. Sprint 1: Extraer tz_io y tz_cli (bajo riesgo, alta independencia)
# 2. Sprint 2: Extraer tz_kml (dependencias moderadas)
# 3. Sprint 3: Extraer tz_services (dependencias complejas)
# 4. Sprint 4: Refactorizar tz_legacy (114 funciones requieren análisis individual)
# 5. Sprint 5: Optimizar _wizard_qc_mapeo (DANGER ZONE)